sample_id,clase,tipo,fuente,licencia,url_origen,participante_o_condicion,split,ruta
hagrid_83803,saludo,gesto,hagrid,CC-BY-SA-4.0,https://huggingface.co/datasets/cj-mills/hagrid-classification-512p-no-gesture-150k,hagrid_multiples_sujetos,train,data/images/saludo/hagrid_83803.jpg
hagrid_83804,saludo,gesto,hagrid,CC-BY-SA-4.0,https://huggingface.co/datasets/cj-mills/hagrid-classification-512p-no-gesture-150k,hagrid_multiples_sujetos,val,data/images/saludo/hagrid_83804.jpg
hagrid_83805,saludo,gesto,hagrid,CC-BY-SA-4.0,https://huggingface.co/datasets/cj-mills/hagrid-classification-512p-no-gesture-150k,hagrid_multiples_sujetos,val,data/images/saludo/hagrid_83805.jpg
hagrid_83806,saludo,gesto,hagrid,CC-BY-SA-4.0,https://huggingface.co/datasets/cj-mills/hagrid-classification-512p-no-gesture-150k,hagrid_multiples_sujetos,test,data/images/saludo/hagrid_83806.jpg
hagrid_83807,saludo,gesto,hagrid,CC-BY-SA-4.0,https://huggingface.co/datasets/cj-mills/hagrid-classification-512p-no-gesture-150k,hagrid_multiples_sujetos,val,data/images/saludo/hagrid_83807.jpg
hagrid_83808,saludo,gesto,hagrid,CC-BY-SA-4.0,https://huggingface.co/datasets/cj-mills/hagrid-classification-512p-no-gesture-150k,hagrid_multiples_sujetos,train,data/images/saludo/hagrid_83808.jpg
hagrid_83809,saludo,gesto,hagrid,CC-BY-SA-4.0,https://huggingface.co/datasets/cj-mills/hagrid-classification-512p-no-gesture-150k,hagrid_multiples_sujetos,val,data/images/saludo/hagrid_83809.jpg
hagrid_83810,saludo,gesto,hagrid,CC-BY-SA-4.0,https://huggingface.co/datasets/cj-mills/hagrid-classification-512p-no-gesture-150k,hagrid_multiples_sujetos,val,data/images/saludo/hagrid_83810.jpg
hagrid_83811,saludo,gesto,hagrid,CC-BY-SA-4.0,https://huggingface.co/datasets/cj-mills/hagrid-classification-512p-no-gesture-150k,hagrid_multiples_sujetos,val,data/images/saludo/hagrid_83811.jpg
hagrid_83812,saludo,gesto,hagrid,CC-BY-SA-4.0,https://huggingface.co/datasets/cj-mills/hagrid-classification-512p-no-gesture-150k,hagrid_multiples_sujetos,test,data/images/saludo/hagrid_83812.jpg
hagrid_83813,saludo,gesto,hagrid,CC-BY-SA-4.0,https://huggingface.co/datasets/cj-mills/hagrid-classification-512p-no-gesture-150k,hagrid_multiples_sujetos,train,data/images/saludo/hagrid_83813.jpg
hagrid_83814,saludo,gesto,hagrid,CC-BY-SA-4.0,https://huggingface.co/datasets/cj-mills/hagrid-classification-512p-no-gesture-150k,hagrid_multiples_sujetos,train,data/images/saludo/hagrid_83814.jpg
hagrid_83815,saludo,gesto,hagrid,CC-BY-SA-4.0,https://huggingface.co/datasets/cj-mills/hagrid-classification-512p-no-gesture-150k,hagrid_multiples_sujetos,val,data/images/saludo/hagrid_83815.jpg
hagrid_83816,saludo,gesto,hagrid,CC-BY-SA-4.0,https://huggingface.co/datasets/cj-mills/hagrid-classification-512p-no-gesture-150k,hagrid_multiples_sujetos,train,data/images/saludo/hagrid_83816.jpg
hagrid_83817,saludo,gesto,hagrid,CC-BY-SA-4.0,https://huggingface.co/datasets/cj-mills/hagrid-classification-512p-no-gesture-150k,hagrid_multiples_sujetos,train,data/images/saludo/hagrid_83817.jpg
hagrid_83818,saludo,gesto,hagrid,CC-BY-SA-4.0,https://huggingface.co/datasets/cj-mills/hagrid-classification-512p-no-gesture-150k,hagrid_multiples_sujetos,train,data/images/saludo/hagrid_83818.jpg
hagrid_83819,saludo,gesto,hagrid,CC-BY-SA-4.0,https://huggingface.co/datasets/cj-mills/hagrid-classification-512p-no-gesture-150k,hagrid_multiples_sujetos,train,data/images/saludo/hagrid_83819.jpg
hagrid_83820,saludo,gesto,hagrid,CC-BY-SA-4.0,https://huggingface.co/datasets/cj-mills/hagrid-classification-512p-no-gesture-150k,hagrid_multiples_sujetos,val,data/images/saludo/hagrid_83820.jpg
hagrid_83821,saludo,gesto,hagrid,CC-BY-SA-4.0,https://huggingface.co/datasets/cj-mills/hagrid-classification-512p-no-gesture-150k,hagrid_multiples_sujetos,train,data/images/saludo/hagrid_83821.jpg
hagrid_83822,saludo,gesto,hagrid,CC-BY-SA-4.0,https://huggingface.co/datasets/cj-mills/hagrid-classification-512p-no-gesture-150k,hagrid_multiples_sujetos,train,data/images/saludo/hagrid_83822.jpg
hagrid_83823,saludo,gesto,hagrid,CC-BY-SA-4.0,https://huggingface.co/datasets/cj-mills/hagrid-classification-512p-no-gesture-150k,hagrid_multiples_sujetos,train,data/images/saludo/hagrid_83823.jpg
hagrid_83824,saludo,gesto,hagrid,CC-BY-SA-4.0,https://huggingface.co/datasets/cj-mills/hagrid-classification-512p-no-gesture-150k,hagrid_multiples_sujetos,train,data/images/saludo/hagrid_83824.jpg
hagrid_83825,saludo,gesto,hagrid,CC-BY-SA-4.0,https://huggingface.co/datasets/cj-mills/hagrid-classification-512p-no-gesture-150k,hagrid_multiples_sujetos,val,data/images/saludo/hagrid_83825.jpg
hagrid_83826,saludo,gesto,hagrid,CC-BY-SA-4.0,https://huggingface.co/datasets/cj-mills/hagrid-classification-512p-no-gesture-150k,hagrid_multiples_sujetos,test,data/images/saludo/hagrid_83826.jpg
hagrid_83827,saludo,gesto,hagrid,CC-BY-SA-4.0,https://huggingface.co/datasets/cj-mills/hagrid-classification-512p-no-gesture-150k,hagrid_multiples_sujetos,train,data/images/saludo/hagrid_83827.jpg
hagrid_83828,saludo,gesto,hagrid,CC-BY-SA-4.0,https://huggingface.co/datasets/cj-mills/hagrid-classification-512p-no-gesture-150k,hagrid_multiples_sujetos,train,data/images/saludo/hagrid_83828.jpg
hagrid_83829,saludo,gesto,hagrid,CC-BY-SA-4.0,https://huggingface.co/datasets/cj-mills/hagrid-classification-512p-no-gesture-150k,hagrid_multiples_sujetos,train,data/images/saludo/hagrid_83829.jpg
hagrid_83830,saludo,gesto,hagrid,CC-BY-SA-4.0,https://huggingface.co/datasets/cj-mills/hagrid-classification-512p-no-gesture-150k,hagrid_multiples_sujetos,train,data/images/saludo/hagrid_83830.jpg
hagrid_83831,saludo,gesto,hagrid,CC-BY-SA-4.0,https://huggingface.co/datasets/cj-mills/hagrid-classification-512p-no-gesture-150k,hagrid_multiples_sujetos,train,data/images/saludo/hagrid_83831.jpg
hagrid_83832,saludo,gesto,hagrid,CC-BY-SA-4.0,https://huggingface.co/datasets/cj-mills/hagrid-classification-512p-no-gesture-150k,hagrid_multiples_sujetos,train,data/images/saludo/hagrid_83832.jpg
hagrid_83833,saludo,gesto,hagrid,CC-BY-SA-4.0,https://huggingface.co/datasets/cj-mills/hagrid-classification-512p-no-gesture-150k,hagrid_multiples_sujetos,train,data/images/saludo/hagrid_83833.jpg
hagrid_83834,saludo,gesto,hagrid,CC-BY-SA-4.0,https://huggingface.co/datasets/cj-mills/hagrid-classification-512p-no-gesture-150k,hagrid_multiples_sujetos,train,data/images/saludo/hagrid_83834.jpg
hagrid_83835,saludo,gesto,hagrid,CC-BY-SA-4.0,https://huggingface.co/datasets/cj-mills/hagrid-classification-512p-no-gesture-150k,hagrid_multiples_sujetos,train,data/images/saludo/hagrid_83835.jpg
hagrid_83836,saludo,gesto,hagrid,CC-BY-SA-4.0,https://huggingface.co/datasets/cj-mills/hagrid-classification-512p-no-gesture-150k,hagrid_multiples_sujetos,train,data/images/saludo/hagrid_83836.jpg
hagrid_83837,saludo,gesto,hagrid,CC-BY-SA-4.0,https://huggingface.co/datasets/cj-mills/hagrid-classification-512p-no-gesture-150k,hagrid_multiples_sujetos,train,data/images/saludo/hagrid_83837.jpg
hagrid_83838,saludo,gesto,hagrid,CC-BY-SA-4.0,https://huggingface.co/datasets/cj-mills/hagrid-classification-512p-no-gesture-150k,hagrid_multiples_sujetos,train,data/images/saludo/hagrid_83838.jpg
hagrid_83839,saludo,gesto,hagrid,CC-BY-SA-4.0,https://huggingface.co/datasets/cj-mills/hagrid-classification-512p-no-gesture-150k,hagrid_multiples_sujetos,train,data/images/saludo/hagrid_83839.jpg
hagrid_83840,saludo,gesto,hagrid,CC-BY-SA-4.0,https://huggingface.co/datasets/cj-mills/hagrid-classification-512p-no-gesture-150k,hagrid_multiples_sujetos,train,data/images/saludo/hagrid_83840.jpg
hagrid_83841,saludo,gesto,hagrid,CC-BY-SA-4.0,https://huggingface.co/datasets/cj-mills/hagrid-classification-512p-no-gesture-150k,hagrid_multiples_sujetos,train,data/images/saludo/hagrid_83841.jpg
hagrid_83842,saludo,gesto,hagrid,CC-BY-SA-4.0,https://huggingface.co/datasets/cj-mills/hagrid-classification-512p-no-gesture-150k,hagrid_multiples_sujetos,train,data/images/saludo/hagrid_83842.jpg
hagrid_83843,saludo,gesto,hagrid,CC-BY-SA-4.0,https://huggingface.co/datasets/cj-mills/hagrid-classification-512p-no-gesture-150k,hagrid_multiples_sujetos,train,data/images/saludo/hagrid_83843.jpg
hagrid_83844,saludo,gesto,hagrid,CC-BY-SA-4.0,https://huggingface.co/datasets/cj-mills/hagrid-classification-512p-no-gesture-150k,hagrid_multiples_sujetos,train,data/images/saludo/hagrid_83844.jpg
hagrid_83845,saludo,gesto,hagrid,CC-BY-SA-4.0,https://huggingface.co/datasets/cj-mills/hagrid-classification-512p-no-gesture-150k,hagrid_multiples_sujetos,train,data/images/saludo/hagrid_83845.jpg
hagrid_83846,saludo,gesto,hagrid,CC-BY-SA-4.0,https://huggingface.co/datasets/cj-mills/hagrid-classification-512p-no-gesture-150k,hagrid_multiples_sujetos,train,data/images/saludo/hagrid_83846.jpg
hagrid_83847,saludo,gesto,hagrid,CC-BY-SA-4.0,https://huggingface.co/datasets/cj-mills/hagrid-classification-512p-no-gesture-150k,hagrid_multiples_sujetos,train,data/images/saludo/hagrid_83847.jpg
hagrid_83848,saludo,gesto,hagrid,CC-BY-SA-4.0,https://huggingface.co/datasets/cj-mills/hagrid-classification-512p-no-gesture-150k,hagrid_multiples_sujetos,train,data/images/saludo/hagrid_83848.jpg
hagrid_83849,saludo,gesto,hagrid,CC-BY-SA-4.0,https://huggingface.co/datasets/cj-mills/hagrid-classification-512p-no-gesture-150k,hagrid_multiples_sujetos,train,data/images/saludo/hagrid_83849.jpg
hagrid_83850,saludo,gesto,hagrid,CC-BY-SA-4.0,https://huggingface.co/datasets/cj-mills/hagrid-classification-512p-no-gesture-150k,hagrid_multiples_sujetos,train,data/images/saludo/hagrid_83850.jpg
hagrid_83851,saludo,gesto,hagrid,CC-BY-SA-4.0,https://huggingface.co/datasets/cj-mills/hagrid-classification-512p-no-gesture-150k,hagrid_multiples_sujetos,val,data/images/saludo/hagrid_83851.jpg
hagrid_83852,saludo,gesto,hagrid,CC-BY-SA-4.0,https://huggingface.co/datasets/cj-mills/hagrid-classification-512p-no-gesture-150k,hagrid_multiples_sujetos,test,data/images/saludo/hagrid_83852.jpg
hagrid_83853,saludo,gesto,hagrid,CC-BY-SA-4.0,https://huggingface.co/datasets/cj-mills/hagrid-classification-512p-no-gesture-150k,hagrid_multiples_sujetos,train,data/images/saludo/hagrid_83853.jpg
hagrid_83854,saludo,gesto,hagrid,CC-BY-SA-4.0,https://huggingface.co/datasets/cj-mills/hagrid-classification-512p-no-gesture-150k,hagrid_multiples_sujetos,train,data/images/saludo/hagrid_83854.jpg
hagrid_83855,saludo,gesto,hagrid,CC-BY-SA-4.0,https://huggingface.co/datasets/cj-mills/hagrid-classification-512p-no-gesture-150k,hagrid_multiples_sujetos,train,data/images/saludo/hagrid_83855.jpg
hagrid_83856,saludo,gesto,hagrid,CC-BY-SA-4.0,https://huggingface.co/datasets/cj-mills/hagrid-classification-512p-no-gesture-150k,hagrid_multiples_sujetos,val,data/images/saludo/hagrid_83856.jpg
hagrid_83857,saludo,gesto,hagrid,CC-BY-SA-4.0,https://huggingface.co/datasets/cj-mills/hagrid-classification-512p-no-gesture-150k,hagrid_multiples_sujetos,train,data/images/saludo/hagrid_83857.jpg
hagrid_83858,saludo,gesto,hagrid,CC-BY-SA-4.0,https://huggingface.co/datasets/cj-mills/hagrid-classification-512p-no-gesture-150k,hagrid_multiples_sujetos,train,data/images/saludo/hagrid_83858.jpg
hagrid_83859,saludo,gesto,hagrid,CC-BY-SA-4.0,https://huggingface.co/datasets/cj-mills/hagrid-classification-512p-no-gesture-150k,hagrid_multiples_sujetos,test,data/images/saludo/hagrid_83859.jpg
hagrid_83860,saludo,gesto,hagrid,CC-BY-SA-4.0,https://huggingface.co/datasets/cj-mills/hagrid-classification-512p-no-gesture-150k,hagrid_multiples_sujetos,train,data/images/saludo/hagrid_83860.jpg
hagrid_83861,saludo,gesto,hagrid,CC-BY-SA-4.0,https://huggingface.co/datasets/cj-mills/hagrid-classification-512p-no-gesture-150k,hagrid_multiples_sujetos,train,data/images/saludo/hagrid_83861.jpg
hagrid_83862,saludo,gesto,hagrid,CC-BY-SA-4.0,https://huggingface.co/datasets/cj-mills/hagrid-classification-512p-no-gesture-150k,hagrid_multiples_sujetos,test,data/images/saludo/hagrid_83862.jpg
hagrid_83863,saludo,gesto,hagrid,CC-BY-SA-4.0,https://huggingface.co/datasets/cj-mills/hagrid-classification-512p-no-gesture-150k,hagrid_multiples_sujetos,train,data/images/saludo/hagrid_83863.jpg
hagrid_83864,saludo,gesto,hagrid,CC-BY-SA-4.0,https://huggingface.co/datasets/cj-mills/hagrid-classification-512p-no-gesture-150k,hagrid_multiples_sujetos,train,data/images/saludo/hagrid_83864.jpg
hagrid_83865,saludo,gesto,hagrid,CC-BY-SA-4.0,https://huggingface.co/datasets/cj-mills/hagrid-classification-512p-no-gesture-150k,hagrid_multiples_sujetos,train,data/images/saludo/hagrid_83865.jpg
hagrid_83866,saludo,gesto,hagrid,CC-BY-SA-4.0,https://huggingface.co/datasets/cj-mills/hagrid-classification-512p-no-gesture-150k,hagrid_multiples_sujetos,train,data/images/saludo/hagrid_83866.jpg
hagrid_83867,saludo,gesto,hagrid,CC-BY-SA-4.0,https://huggingface.co/datasets/cj-mills/hagrid-classification-512p-no-gesture-150k,hagrid_multiples_sujetos,train,data/images/saludo/hagrid_83867.jpg
hagrid_83868,saludo,gesto,hagrid,CC-BY-SA-4.0,https://huggingface.co/datasets/cj-mills/hagrid-classification-512p-no-gesture-150k,hagrid_multiples_sujetos,train,data/images/saludo/hagrid_83868.jpg
hagrid_83869,saludo,gesto,hagrid,CC-BY-SA-4.0,https://huggingface.co/datasets/cj-mills/hagrid-classification-512p-no-gesture-150k,hagrid_multiples_sujetos,train,data/images/saludo/hagrid_83869.jpg
hagrid_83870,saludo,gesto,hagrid,CC-BY-SA-4.0,https://huggingface.co/datasets/cj-mills/hagrid-classification-512p-no-gesture-150k,hagrid_multiples_sujetos,train,data/images/saludo/hagrid_83870.jpg
hagrid_83871,saludo,gesto,hagrid,CC-BY-SA-4.0,https://huggingface.co/datasets/cj-mills/hagrid-classification-512p-no-gesture-150k,hagrid_multiples_sujetos,train,data/images/saludo/hagrid_83871.jpg
hagrid_83872,saludo,gesto,hagrid,CC-BY-SA-4.0,https://huggingface.co/datasets/cj-mills/hagrid-classification-512p-no-gesture-150k,hagrid_multiples_sujetos,train,data/images/saludo/hagrid_83872.jpg
hagrid_83873,saludo,gesto,hagrid,CC-BY-SA-4.0,https://huggingface.co/datasets/cj-mills/hagrid-classification-512p-no-gesture-150k,hagrid_multiples_sujetos,train,data/images/saludo/hagrid_83873.jpg
hagrid_83874,saludo,gesto,hagrid,CC-BY-SA-4.0,https://huggingface.co/datasets/cj-mills/hagrid-classification-512p-no-gesture-150k,hagrid_multiples_sujetos,train,data/images/saludo/hagrid_83874.jpg
hagrid_83875,saludo,gesto,hagrid,CC-BY-SA-4.0,https://huggingface.co/datasets/cj-mills/hagrid-classification-512p-no-gesture-150k,hagrid_multiples_sujetos,train,data/images/saludo/hagrid_83875.jpg
hagrid_83876,saludo,gesto,hagrid,CC-BY-SA-4.0,https://huggingface.co/datasets/cj-mills/hagrid-classification-512p-no-gesture-150k,hagrid_multiples_sujetos,train,data/images/saludo/hagrid_83876.jpg
hagrid_83877,saludo,gesto,hagrid,CC-BY-SA-4.0,https://huggingface.co/datasets/cj-mills/hagrid-classification-512p-no-gesture-150k,hagrid_multiples_sujetos,train,data/images/saludo/hagrid_83877.jpg
hagrid_83878,saludo,gesto,hagrid,CC-BY-SA-4.0,https://huggingface.co/datasets/cj-mills/hagrid-classification-512p-no-gesture-150k,hagrid_multiples_sujetos,val,data/images/saludo/hagrid_83878.jpg
hagrid_83879,saludo,gesto,hagrid,CC-BY-SA-4.0,https://huggingface.co/datasets/cj-mills/hagrid-classification-512p-no-gesture-150k,hagrid_multiples_sujetos,test,data/images/saludo/hagrid_83879.jpg
hagrid_83880,saludo,gesto,hagrid,CC-BY-SA-4.0,https://huggingface.co/datasets/cj-mills/hagrid-classification-512p-no-gesture-150k,hagrid_multiples_sujetos,test,data/images/saludo/hagrid_83880.jpg
hagrid_83881,saludo,gesto,hagrid,CC-BY-SA-4.0,https://huggingface.co/datasets/cj-mills/hagrid-classification-512p-no-gesture-150k,hagrid_multiples_sujetos,val,data/images/saludo/hagrid_83881.jpg
hagrid_83882,saludo,gesto,hagrid,CC-BY-SA-4.0,https://huggingface.co/datasets/cj-mills/hagrid-classification-512p-no-gesture-150k,hagrid_multiples_sujetos,train,data/images/saludo/hagrid_83882.jpg
hagrid_83883,saludo,gesto,hagrid,CC-BY-SA-4.0,https://huggingface.co/datasets/cj-mills/hagrid-classification-512p-no-gesture-150k,hagrid_multiples_sujetos,val,data/images/saludo/hagrid_83883.jpg
hagrid_83884,saludo,gesto,hagrid,CC-BY-SA-4.0,https://huggingface.co/datasets/cj-mills/hagrid-classification-512p-no-gesture-150k,hagrid_multiples_sujetos,train,data/images/saludo/hagrid_83884.jpg
hagrid_83885,saludo,gesto,hagrid,CC-BY-SA-4.0,https://huggingface.co/datasets/cj-mills/hagrid-classification-512p-no-gesture-150k,hagrid_multiples_sujetos,test,data/images/saludo/hagrid_83885.jpg
hagrid_83886,saludo,gesto,hagrid,CC-BY-SA-4.0,https://huggingface.co/datasets/cj-mills/hagrid-classification-512p-no-gesture-150k,hagrid_multiples_sujetos,train,data/images/saludo/hagrid_83886.jpg
hagrid_83887,saludo,gesto,hagrid,CC-BY-SA-4.0,https://huggingface.co/datasets/cj-mills/hagrid-classification-512p-no-gesture-150k,hagrid_multiples_sujetos,train,data/images/saludo/hagrid_83887.jpg
hagrid_83888,saludo,gesto,hagrid,CC-BY-SA-4.0,https://huggingface.co/datasets/cj-mills/hagrid-classification-512p-no-gesture-150k,hagrid_multiples_sujetos,test,data/images/saludo/hagrid_83888.jpg
hagrid_83889,saludo,gesto,hagrid,CC-BY-SA-4.0,https://huggingface.co/datasets/cj-mills/hagrid-classification-512p-no-gesture-150k,hagrid_multiples_sujetos,test,data/images/saludo/hagrid_83889.jpg
hagrid_83890,saludo,gesto,hagrid,CC-BY-SA-4.0,https://huggingface.co/datasets/cj-mills/hagrid-classification-512p-no-gesture-150k,hagrid_multiples_sujetos,train,data/images/saludo/hagrid_83890.jpg
hagrid_83891,saludo,gesto,hagrid,CC-BY-SA-4.0,https://huggingface.co/datasets/cj-mills/hagrid-classification-512p-no-gesture-150k,hagrid_multiples_sujetos,test,data/images/saludo/hagrid_83891.jpg
hagrid_83892,saludo,gesto,hagrid,CC-BY-SA-4.0,https://huggingface.co/datasets/cj-mills/hagrid-classification-512p-no-gesture-150k,hagrid_multiples_sujetos,train,data/images/saludo/hagrid_83892.jpg
hagrid_83893,saludo,gesto,hagrid,CC-BY-SA-4.0,https://huggingface.co/datasets/cj-mills/hagrid-classification-512p-no-gesture-150k,hagrid_multiples_sujetos,test,data/images/saludo/hagrid_83893.jpg
hagrid_83894,saludo,gesto,hagrid,CC-BY-SA-4.0,https://huggingface.co/datasets/cj-mills/hagrid-classification-512p-no-gesture-150k,hagrid_multiples_sujetos,val,data/images/saludo/hagrid_83894.jpg
hagrid_83895,saludo,gesto,hagrid,CC-BY-SA-4.0,https://huggingface.co/datasets/cj-mills/hagrid-classification-512p-no-gesture-150k,hagrid_multiples_sujetos,train,data/images/saludo/hagrid_83895.jpg
hagrid_83896,saludo,gesto,hagrid,CC-BY-SA-4.0,https://huggingface.co/datasets/cj-mills/hagrid-classification-512p-no-gesture-150k,hagrid_multiples_sujetos,val,data/images/saludo/hagrid_83896.jpg
hagrid_83897,saludo,gesto,hagrid,CC-BY-SA-4.0,https://huggingface.co/datasets/cj-mills/hagrid-classification-512p-no-gesture-150k,hagrid_multiples_sujetos,train,data/images/saludo/hagrid_83897.jpg
hagrid_83898,saludo,gesto,hagrid,CC-BY-SA-4.0,https://huggingface.co/datasets/cj-mills/hagrid-classification-512p-no-gesture-150k,hagrid_multiples_sujetos,train,data/images/saludo/hagrid_83898.jpg
hagrid_83899,saludo,gesto,hagrid,CC-BY-SA-4.0,https://huggingface.co/datasets/cj-mills/hagrid-classification-512p-no-gesture-150k,hagrid_multiples_sujetos,test,data/images/saludo/hagrid_83899.jpg
hagrid_83900,saludo,gesto,hagrid,CC-BY-SA-4.0,https://huggingface.co/datasets/cj-mills/hagrid-classification-512p-no-gesture-150k,hagrid_multiples_sujetos,train,data/images/saludo/hagrid_83900.jpg
hagrid_83901,saludo,gesto,hagrid,CC-BY-SA-4.0,https://huggingface.co/datasets/cj-mills/hagrid-classification-512p-no-gesture-150k,hagrid_multiples_sujetos,train,data/images/saludo/hagrid_83901.jpg
hagrid_83902,saludo,gesto,hagrid,CC-BY-SA-4.0,https://huggingface.co/datasets/cj-mills/hagrid-classification-512p-no-gesture-150k,hagrid_multiples_sujetos,train,data/images/saludo/hagrid_83902.jpg
hagrid_83903,saludo,gesto,hagrid,CC-BY-SA-4.0,https://huggingface.co/datasets/cj-mills/hagrid-classification-512p-no-gesture-150k,hagrid_multiples_sujetos,train,data/images/saludo/hagrid_83903.jpg
hagrid_83904,saludo,gesto,hagrid,CC-BY-SA-4.0,https://huggingface.co/datasets/cj-mills/hagrid-classification-512p-no-gesture-150k,hagrid_multiples_sujetos,test,data/images/saludo/hagrid_83904.jpg
hagrid_83905,saludo,gesto,hagrid,CC-BY-SA-4.0,https://huggingface.co/datasets/cj-mills/hagrid-classification-512p-no-gesture-150k,hagrid_multiples_sujetos,test,data/images/saludo/hagrid_83905.jpg
hagrid_83906,saludo,gesto,hagrid,CC-BY-SA-4.0,https://huggingface.co/datasets/cj-mills/hagrid-classification-512p-no-gesture-150k,hagrid_multiples_sujetos,train,data/images/saludo/hagrid_83906.jpg
hagrid_83907,saludo,gesto,hagrid,CC-BY-SA-4.0,https://huggingface.co/datasets/cj-mills/hagrid-classification-512p-no-gesture-150k,hagrid_multiples_sujetos,train,data/images/saludo/hagrid_83907.jpg
hagrid_83908,saludo,gesto,hagrid,CC-BY-SA-4.0,https://huggingface.co/datasets/cj-mills/hagrid-classification-512p-no-gesture-150k,hagrid_multiples_sujetos,train,data/images/saludo/hagrid_83908.jpg
hagrid_83909,saludo,gesto,hagrid,CC-BY-SA-4.0,https://huggingface.co/datasets/cj-mills/hagrid-classification-512p-no-gesture-150k,hagrid_multiples_sujetos,train,data/images/saludo/hagrid_83909.jpg
hagrid_83910,saludo,gesto,hagrid,CC-BY-SA-4.0,https://huggingface.co/datasets/cj-mills/hagrid-classification-512p-no-gesture-150k,hagrid_multiples_sujetos,train,data/images/saludo/hagrid_83910.jpg
hagrid_83911,saludo,gesto,hagrid,CC-BY-SA-4.0,https://huggingface.co/datasets/cj-mills/hagrid-classification-512p-no-gesture-150k,hagrid_multiples_sujetos,test,data/images/saludo/hagrid_83911.jpg
hagrid_83912,saludo,gesto,hagrid,CC-BY-SA-4.0,https://huggingface.co/datasets/cj-mills/hagrid-classification-512p-no-gesture-150k,hagrid_multiples_sujetos,val,data/images/saludo/hagrid_83912.jpg
hagrid_83913,saludo,gesto,hagrid,CC-BY-SA-4.0,https://huggingface.co/datasets/cj-mills/hagrid-classification-512p-no-gesture-150k,hagrid_multiples_sujetos,train,data/images/saludo/hagrid_83913.jpg
hagrid_83914,saludo,gesto,hagrid,CC-BY-SA-4.0,https://huggingface.co/datasets/cj-mills/hagrid-classification-512p-no-gesture-150k,hagrid_multiples_sujetos,test,data/images/saludo/hagrid_83914.jpg
hagrid_83915,saludo,gesto,hagrid,CC-BY-SA-4.0,https://huggingface.co/datasets/cj-mills/hagrid-classification-512p-no-gesture-150k,hagrid_multiples_sujetos,train,data/images/saludo/hagrid_83915.jpg
hagrid_83916,saludo,gesto,hagrid,CC-BY-SA-4.0,https://huggingface.co/datasets/cj-mills/hagrid-classification-512p-no-gesture-150k,hagrid_multiples_sujetos,train,data/images/saludo/hagrid_83916.jpg
hagrid_83917,saludo,gesto,hagrid,CC-BY-SA-4.0,https://huggingface.co/datasets/cj-mills/hagrid-classification-512p-no-gesture-150k,hagrid_multiples_sujetos,train,data/images/saludo/hagrid_83917.jpg
hagrid_83918,saludo,gesto,hagrid,CC-BY-SA-4.0,https://huggingface.co/datasets/cj-mills/hagrid-classification-512p-no-gesture-150k,hagrid_multiples_sujetos,train,data/images/saludo/hagrid_83918.jpg
hagrid_83919,saludo,gesto,hagrid,CC-BY-SA-4.0,https://huggingface.co/datasets/cj-mills/hagrid-classification-512p-no-gesture-150k,hagrid_multiples_sujetos,val,data/images/saludo/hagrid_83919.jpg
hagrid_83920,saludo,gesto,hagrid,CC-BY-SA-4.0,https://huggingface.co/datasets/cj-mills/hagrid-classification-512p-no-gesture-150k,hagrid_multiples_sujetos,train,data/images/saludo/hagrid_83920.jpg
hagrid_83921,saludo,gesto,hagrid,CC-BY-SA-4.0,https://huggingface.co/datasets/cj-mills/hagrid-classification-512p-no-gesture-150k,hagrid_multiples_sujetos,train,data/images/saludo/hagrid_83921.jpg
hagrid_83922,saludo,gesto,hagrid,CC-BY-SA-4.0,https://huggingface.co/datasets/cj-mills/hagrid-classification-512p-no-gesture-150k,hagrid_multiples_sujetos,train,data/images/saludo/hagrid_83922.jpg
hagrid_28032,pulgar_arriba,gesto,hagrid,CC-BY-SA-4.0,https://huggingface.co/datasets/cj-mills/hagrid-classification-512p-no-gesture-150k,hagrid_multiples_sujetos,train,data/images/pulgar_arriba/hagrid_28032.jpg
hagrid_28033,pulgar_arriba,gesto,hagrid,CC-BY-SA-4.0,https://huggingface.co/datasets/cj-mills/hagrid-classification-512p-no-gesture-150k,hagrid_multiples_sujetos,test,data/images/pulgar_arriba/hagrid_28033.jpg
hagrid_28034,pulgar_arriba,gesto,hagrid,CC-BY-SA-4.0,https://huggingface.co/datasets/cj-mills/hagrid-classification-512p-no-gesture-150k,hagrid_multiples_sujetos,train,data/images/pulgar_arriba/hagrid_28034.jpg
hagrid_28035,pulgar_arriba,gesto,hagrid,CC-BY-SA-4.0,https://huggingface.co/datasets/cj-mills/hagrid-classification-512p-no-gesture-150k,hagrid_multiples_sujetos,train,data/images/pulgar_arriba/hagrid_28035.jpg
hagrid_28036,pulgar_arriba,gesto,hagrid,CC-BY-SA-4.0,https://huggingface.co/datasets/cj-mills/hagrid-classification-512p-no-gesture-150k,hagrid_multiples_sujetos,train,data/images/pulgar_arriba/hagrid_28036.jpg
hagrid_28037,pulgar_arriba,gesto,hagrid,CC-BY-SA-4.0,https://huggingface.co/datasets/cj-mills/hagrid-classification-512p-no-gesture-150k,hagrid_multiples_sujetos,train,data/images/pulgar_arriba/hagrid_28037.jpg
hagrid_28038,pulgar_arriba,gesto,hagrid,CC-BY-SA-4.0,https://huggingface.co/datasets/cj-mills/hagrid-classification-512p-no-gesture-150k,hagrid_multiples_sujetos,train,data/images/pulgar_arriba/hagrid_28038.jpg
hagrid_28039,pulgar_arriba,gesto,hagrid,CC-BY-SA-4.0,https://huggingface.co/datasets/cj-mills/hagrid-classification-512p-no-gesture-150k,hagrid_multiples_sujetos,val,data/images/pulgar_arriba/hagrid_28039.jpg
hagrid_28040,pulgar_arriba,gesto,hagrid,CC-BY-SA-4.0,https://huggingface.co/datasets/cj-mills/hagrid-classification-512p-no-gesture-150k,hagrid_multiples_sujetos,train,data/images/pulgar_arriba/hagrid_28040.jpg
hagrid_28041,pulgar_arriba,gesto,hagrid,CC-BY-SA-4.0,https://huggingface.co/datasets/cj-mills/hagrid-classification-512p-no-gesture-150k,hagrid_multiples_sujetos,val,data/images/pulgar_arriba/hagrid_28041.jpg
hagrid_28042,pulgar_arriba,gesto,hagrid,CC-BY-SA-4.0,https://huggingface.co/datasets/cj-mills/hagrid-classification-512p-no-gesture-150k,hagrid_multiples_sujetos,test,data/images/pulgar_arriba/hagrid_28042.jpg
hagrid_28043,pulgar_arriba,gesto,hagrid,CC-BY-SA-4.0,https://huggingface.co/datasets/cj-mills/hagrid-classification-512p-no-gesture-150k,hagrid_multiples_sujetos,train,data/images/pulgar_arriba/hagrid_28043.jpg
hagrid_28044,pulgar_arriba,gesto,hagrid,CC-BY-SA-4.0,https://huggingface.co/datasets/cj-mills/hagrid-classification-512p-no-gesture-150k,hagrid_multiples_sujetos,train,data/images/pulgar_arriba/hagrid_28044.jpg
hagrid_28045,pulgar_arriba,gesto,hagrid,CC-BY-SA-4.0,https://huggingface.co/datasets/cj-mills/hagrid-classification-512p-no-gesture-150k,hagrid_multiples_sujetos,val,data/images/pulgar_arriba/hagrid_28045.jpg
hagrid_28046,pulgar_arriba,gesto,hagrid,CC-BY-SA-4.0,https://huggingface.co/datasets/cj-mills/hagrid-classification-512p-no-gesture-150k,hagrid_multiples_sujetos,test,data/images/pulgar_arriba/hagrid_28046.jpg
hagrid_28047,pulgar_arriba,gesto,hagrid,CC-BY-SA-4.0,https://huggingface.co/datasets/cj-mills/hagrid-classification-512p-no-gesture-150k,hagrid_multiples_sujetos,train,data/images/pulgar_arriba/hagrid_28047.jpg
hagrid_28048,pulgar_arriba,gesto,hagrid,CC-BY-SA-4.0,https://huggingface.co/datasets/cj-mills/hagrid-classification-512p-no-gesture-150k,hagrid_multiples_sujetos,train,data/images/pulgar_arriba/hagrid_28048.jpg
hagrid_28049,pulgar_arriba,gesto,hagrid,CC-BY-SA-4.0,https://huggingface.co/datasets/cj-mills/hagrid-classification-512p-no-gesture-150k,hagrid_multiples_sujetos,val,data/images/pulgar_arriba/hagrid_28049.jpg
hagrid_28050,pulgar_arriba,gesto,hagrid,CC-BY-SA-4.0,https://huggingface.co/datasets/cj-mills/hagrid-classification-512p-no-gesture-150k,hagrid_multiples_sujetos,train,data/images/pulgar_arriba/hagrid_28050.jpg
hagrid_28051,pulgar_arriba,gesto,hagrid,CC-BY-SA-4.0,https://huggingface.co/datasets/cj-mills/hagrid-classification-512p-no-gesture-150k,hagrid_multiples_sujetos,train,data/images/pulgar_arriba/hagrid_28051.jpg
hagrid_28052,pulgar_arriba,gesto,hagrid,CC-BY-SA-4.0,https://huggingface.co/datasets/cj-mills/hagrid-classification-512p-no-gesture-150k,hagrid_multiples_sujetos,test,data/images/pulgar_arriba/hagrid_28052.jpg
hagrid_28053,pulgar_arriba,gesto,hagrid,CC-BY-SA-4.0,https://huggingface.co/datasets/cj-mills/hagrid-classification-512p-no-gesture-150k,hagrid_multiples_sujetos,train,data/images/pulgar_arriba/hagrid_28053.jpg
hagrid_28054,pulgar_arriba,gesto,hagrid,CC-BY-SA-4.0,https://huggingface.co/datasets/cj-mills/hagrid-classification-512p-no-gesture-150k,hagrid_multiples_sujetos,val,data/images/pulgar_arriba/hagrid_28054.jpg
hagrid_28055,pulgar_arriba,gesto,hagrid,CC-BY-SA-4.0,https://huggingface.co/datasets/cj-mills/hagrid-classification-512p-no-gesture-150k,hagrid_multiples_sujetos,train,data/images/pulgar_arriba/hagrid_28055.jpg
hagrid_28056,pulgar_arriba,gesto,hagrid,CC-BY-SA-4.0,https://huggingface.co/datasets/cj-mills/hagrid-classification-512p-no-gesture-150k,hagrid_multiples_sujetos,test,data/images/pulgar_arriba/hagrid_28056.jpg
hagrid_28057,pulgar_arriba,gesto,hagrid,CC-BY-SA-4.0,https://huggingface.co/datasets/cj-mills/hagrid-classification-512p-no-gesture-150k,hagrid_multiples_sujetos,train,data/images/pulgar_arriba/hagrid_28057.jpg
hagrid_28058,pulgar_arriba,gesto,hagrid,CC-BY-SA-4.0,https://huggingface.co/datasets/cj-mills/hagrid-classification-512p-no-gesture-150k,hagrid_multiples_sujetos,train,data/images/pulgar_arriba/hagrid_28058.jpg
hagrid_28059,pulgar_arriba,gesto,hagrid,CC-BY-SA-4.0,https://huggingface.co/datasets/cj-mills/hagrid-classification-512p-no-gesture-150k,hagrid_multiples_sujetos,train,data/images/pulgar_arriba/hagrid_28059.jpg
hagrid_28060,pulgar_arriba,gesto,hagrid,CC-BY-SA-4.0,https://huggingface.co/datasets/cj-mills/hagrid-classification-512p-no-gesture-150k,hagrid_multiples_sujetos,train,data/images/pulgar_arriba/hagrid_28060.jpg
hagrid_28061,pulgar_arriba,gesto,hagrid,CC-BY-SA-4.0,https://huggingface.co/datasets/cj-mills/hagrid-classification-512p-no-gesture-150k,hagrid_multiples_sujetos,val,data/images/pulgar_arriba/hagrid_28061.jpg
hagrid_28062,pulgar_arriba,gesto,hagrid,CC-BY-SA-4.0,https://huggingface.co/datasets/cj-mills/hagrid-classification-512p-no-gesture-150k,hagrid_multiples_sujetos,train,data/images/pulgar_arriba/hagrid_28062.jpg
hagrid_28063,pulgar_arriba,gesto,hagrid,CC-BY-SA-4.0,https://huggingface.co/datasets/cj-mills/hagrid-classification-512p-no-gesture-150k,hagrid_multiples_sujetos,train,data/images/pulgar_arriba/hagrid_28063.jpg
hagrid_28064,pulgar_arriba,gesto,hagrid,CC-BY-SA-4.0,https://huggingface.co/datasets/cj-mills/hagrid-classification-512p-no-gesture-150k,hagrid_multiples_sujetos,train,data/images/pulgar_arriba/hagrid_28064.jpg
hagrid_28065,pulgar_arriba,gesto,hagrid,CC-BY-SA-4.0,https://huggingface.co/datasets/cj-mills/hagrid-classification-512p-no-gesture-150k,hagrid_multiples_sujetos,train,data/images/pulgar_arriba/hagrid_28065.jpg
hagrid_28066,pulgar_arriba,gesto,hagrid,CC-BY-SA-4.0,https://huggingface.co/datasets/cj-mills/hagrid-classification-512p-no-gesture-150k,hagrid_multiples_sujetos,val,data/images/pulgar_arriba/hagrid_28066.jpg
hagrid_28067,pulgar_arriba,gesto,hagrid,CC-BY-SA-4.0,https://huggingface.co/datasets/cj-mills/hagrid-classification-512p-no-gesture-150k,hagrid_multiples_sujetos,train,data/images/pulgar_arriba/hagrid_28067.jpg
hagrid_28068,pulgar_arriba,gesto,hagrid,CC-BY-SA-4.0,https://huggingface.co/datasets/cj-mills/hagrid-classification-512p-no-gesture-150k,hagrid_multiples_sujetos,test,data/images/pulgar_arriba/hagrid_28068.jpg
hagrid_28069,pulgar_arriba,gesto,hagrid,CC-BY-SA-4.0,https://huggingface.co/datasets/cj-mills/hagrid-classification-512p-no-gesture-150k,hagrid_multiples_sujetos,train,data/images/pulgar_arriba/hagrid_28069.jpg
hagrid_28070,pulgar_arriba,gesto,hagrid,CC-BY-SA-4.0,https://huggingface.co/datasets/cj-mills/hagrid-classification-512p-no-gesture-150k,hagrid_multiples_sujetos,train,data/images/pulgar_arriba/hagrid_28070.jpg
hagrid_28071,pulgar_arriba,gesto,hagrid,CC-BY-SA-4.0,https://huggingface.co/datasets/cj-mills/hagrid-classification-512p-no-gesture-150k,hagrid_multiples_sujetos,test,data/images/pulgar_arriba/hagrid_28071.jpg
hagrid_28072,pulgar_arriba,gesto,hagrid,CC-BY-SA-4.0,https://huggingface.co/datasets/cj-mills/hagrid-classification-512p-no-gesture-150k,hagrid_multiples_sujetos,train,data/images/pulgar_arriba/hagrid_28072.jpg
hagrid_28073,pulgar_arriba,gesto,hagrid,CC-BY-SA-4.0,https://huggingface.co/datasets/cj-mills/hagrid-classification-512p-no-gesture-150k,hagrid_multiples_sujetos,train,data/images/pulgar_arriba/hagrid_28073.jpg
hagrid_28074,pulgar_arriba,gesto,hagrid,CC-BY-SA-4.0,https://huggingface.co/datasets/cj-mills/hagrid-classification-512p-no-gesture-150k,hagrid_multiples_sujetos,train,data/images/pulgar_arriba/hagrid_28074.jpg
hagrid_28075,pulgar_arriba,gesto,hagrid,CC-BY-SA-4.0,https://huggingface.co/datasets/cj-mills/hagrid-classification-512p-no-gesture-150k,hagrid_multiples_sujetos,train,data/images/pulgar_arriba/hagrid_28075.jpg
hagrid_28076,pulgar_arriba,gesto,hagrid,CC-BY-SA-4.0,https://huggingface.co/datasets/cj-mills/hagrid-classification-512p-no-gesture-150k,hagrid_multiples_sujetos,train,data/images/pulgar_arriba/hagrid_28076.jpg
hagrid_28077,pulgar_arriba,gesto,hagrid,CC-BY-SA-4.0,https://huggingface.co/datasets/cj-mills/hagrid-classification-512p-no-gesture-150k,hagrid_multiples_sujetos,train,data/images/pulgar_arriba/hagrid_28077.jpg
hagrid_28078,pulgar_arriba,gesto,hagrid,CC-BY-SA-4.0,https://huggingface.co/datasets/cj-mills/hagrid-classification-512p-no-gesture-150k,hagrid_multiples_sujetos,train,data/images/pulgar_arriba/hagrid_28078.jpg
hagrid_28079,pulgar_arriba,gesto,hagrid,CC-BY-SA-4.0,https://huggingface.co/datasets/cj-mills/hagrid-classification-512p-no-gesture-150k,hagrid_multiples_sujetos,test,data/images/pulgar_arriba/hagrid_28079.jpg
hagrid_28080,pulgar_arriba,gesto,hagrid,CC-BY-SA-4.0,https://huggingface.co/datasets/cj-mills/hagrid-classification-512p-no-gesture-150k,hagrid_multiples_sujetos,val,data/images/pulgar_arriba/hagrid_28080.jpg
hagrid_28081,pulgar_arriba,gesto,hagrid,CC-BY-SA-4.0,https://huggingface.co/datasets/cj-mills/hagrid-classification-512p-no-gesture-150k,hagrid_multiples_sujetos,test,data/images/pulgar_arriba/hagrid_28081.jpg
hagrid_28082,pulgar_arriba,gesto,hagrid,CC-BY-SA-4.0,https://huggingface.co/datasets/cj-mills/hagrid-classification-512p-no-gesture-150k,hagrid_multiples_sujetos,train,data/images/pulgar_arriba/hagrid_28082.jpg
hagrid_28083,pulgar_arriba,gesto,hagrid,CC-BY-SA-4.0,https://huggingface.co/datasets/cj-mills/hagrid-classification-512p-no-gesture-150k,hagrid_multiples_sujetos,train,data/images/pulgar_arriba/hagrid_28083.jpg
hagrid_28084,pulgar_arriba,gesto,hagrid,CC-BY-SA-4.0,https://huggingface.co/datasets/cj-mills/hagrid-classification-512p-no-gesture-150k,hagrid_multiples_sujetos,test,data/images/pulgar_arriba/hagrid_28084.jpg
hagrid_28085,pulgar_arriba,gesto,hagrid,CC-BY-SA-4.0,https://huggingface.co/datasets/cj-mills/hagrid-classification-512p-no-gesture-150k,hagrid_multiples_sujetos,test,data/images/pulgar_arriba/hagrid_28085.jpg
hagrid_28086,pulgar_arriba,gesto,hagrid,CC-BY-SA-4.0,https://huggingface.co/datasets/cj-mills/hagrid-classification-512p-no-gesture-150k,hagrid_multiples_sujetos,train,data/images/pulgar_arriba/hagrid_28086.jpg
hagrid_28087,pulgar_arriba,gesto,hagrid,CC-BY-SA-4.0,https://huggingface.co/datasets/cj-mills/hagrid-classification-512p-no-gesture-150k,hagrid_multiples_sujetos,train,data/images/pulgar_arriba/hagrid_28087.jpg
hagrid_28088,pulgar_arriba,gesto,hagrid,CC-BY-SA-4.0,https://huggingface.co/datasets/cj-mills/hagrid-classification-512p-no-gesture-150k,hagrid_multiples_sujetos,train,data/images/pulgar_arriba/hagrid_28088.jpg
hagrid_28089,pulgar_arriba,gesto,hagrid,CC-BY-SA-4.0,https://huggingface.co/datasets/cj-mills/hagrid-classification-512p-no-gesture-150k,hagrid_multiples_sujetos,train,data/images/pulgar_arriba/hagrid_28089.jpg
hagrid_28090,pulgar_arriba,gesto,hagrid,CC-BY-SA-4.0,https://huggingface.co/datasets/cj-mills/hagrid-classification-512p-no-gesture-150k,hagrid_multiples_sujetos,train,data/images/pulgar_arriba/hagrid_28090.jpg
hagrid_28091,pulgar_arriba,gesto,hagrid,CC-BY-SA-4.0,https://huggingface.co/datasets/cj-mills/hagrid-classification-512p-no-gesture-150k,hagrid_multiples_sujetos,train,data/images/pulgar_arriba/hagrid_28091.jpg
hagrid_28092,pulgar_arriba,gesto,hagrid,CC-BY-SA-4.0,https://huggingface.co/datasets/cj-mills/hagrid-classification-512p-no-gesture-150k,hagrid_multiples_sujetos,train,data/images/pulgar_arriba/hagrid_28092.jpg
hagrid_28093,pulgar_arriba,gesto,hagrid,CC-BY-SA-4.0,https://huggingface.co/datasets/cj-mills/hagrid-classification-512p-no-gesture-150k,hagrid_multiples_sujetos,train,data/images/pulgar_arriba/hagrid_28093.jpg
hagrid_28094,pulgar_arriba,gesto,hagrid,CC-BY-SA-4.0,https://huggingface.co/datasets/cj-mills/hagrid-classification-512p-no-gesture-150k,hagrid_multiples_sujetos,train,data/images/pulgar_arriba/hagrid_28094.jpg
hagrid_28095,pulgar_arriba,gesto,hagrid,CC-BY-SA-4.0,https://huggingface.co/datasets/cj-mills/hagrid-classification-512p-no-gesture-150k,hagrid_multiples_sujetos,train,data/images/pulgar_arriba/hagrid_28095.jpg
hagrid_28096,pulgar_arriba,gesto,hagrid,CC-BY-SA-4.0,https://huggingface.co/datasets/cj-mills/hagrid-classification-512p-no-gesture-150k,hagrid_multiples_sujetos,val,data/images/pulgar_arriba/hagrid_28096.jpg
hagrid_28097,pulgar_arriba,gesto,hagrid,CC-BY-SA-4.0,https://huggingface.co/datasets/cj-mills/hagrid-classification-512p-no-gesture-150k,hagrid_multiples_sujetos,train,data/images/pulgar_arriba/hagrid_28097.jpg
hagrid_28098,pulgar_arriba,gesto,hagrid,CC-BY-SA-4.0,https://huggingface.co/datasets/cj-mills/hagrid-classification-512p-no-gesture-150k,hagrid_multiples_sujetos,train,data/images/pulgar_arriba/hagrid_28098.jpg
hagrid_28099,pulgar_arriba,gesto,hagrid,CC-BY-SA-4.0,https://huggingface.co/datasets/cj-mills/hagrid-classification-512p-no-gesture-150k,hagrid_multiples_sujetos,train,data/images/pulgar_arriba/hagrid_28099.jpg
hagrid_28100,pulgar_arriba,gesto,hagrid,CC-BY-SA-4.0,https://huggingface.co/datasets/cj-mills/hagrid-classification-512p-no-gesture-150k,hagrid_multiples_sujetos,val,data/images/pulgar_arriba/hagrid_28100.jpg
hagrid_28101,pulgar_arriba,gesto,hagrid,CC-BY-SA-4.0,https://huggingface.co/datasets/cj-mills/hagrid-classification-512p-no-gesture-150k,hagrid_multiples_sujetos,val,data/images/pulgar_arriba/hagrid_28101.jpg
hagrid_28102,pulgar_arriba,gesto,hagrid,CC-BY-SA-4.0,https://huggingface.co/datasets/cj-mills/hagrid-classification-512p-no-gesture-150k,hagrid_multiples_sujetos,train,data/images/pulgar_arriba/hagrid_28102.jpg
hagrid_28103,pulgar_arriba,gesto,hagrid,CC-BY-SA-4.0,https://huggingface.co/datasets/cj-mills/hagrid-classification-512p-no-gesture-150k,hagrid_multiples_sujetos,val,data/images/pulgar_arriba/hagrid_28103.jpg
hagrid_28104,pulgar_arriba,gesto,hagrid,CC-BY-SA-4.0,https://huggingface.co/datasets/cj-mills/hagrid-classification-512p-no-gesture-150k,hagrid_multiples_sujetos,train,data/images/pulgar_arriba/hagrid_28104.jpg
hagrid_28105,pulgar_arriba,gesto,hagrid,CC-BY-SA-4.0,https://huggingface.co/datasets/cj-mills/hagrid-classification-512p-no-gesture-150k,hagrid_multiples_sujetos,test,data/images/pulgar_arriba/hagrid_28105.jpg
hagrid_28106,pulgar_arriba,gesto,hagrid,CC-BY-SA-4.0,https://huggingface.co/datasets/cj-mills/hagrid-classification-512p-no-gesture-150k,hagrid_multiples_sujetos,train,data/images/pulgar_arriba/hagrid_28106.jpg
hagrid_28107,pulgar_arriba,gesto,hagrid,CC-BY-SA-4.0,https://huggingface.co/datasets/cj-mills/hagrid-classification-512p-no-gesture-150k,hagrid_multiples_sujetos,train,data/images/pulgar_arriba/hagrid_28107.jpg
hagrid_28108,pulgar_arriba,gesto,hagrid,CC-BY-SA-4.0,https://huggingface.co/datasets/cj-mills/hagrid-classification-512p-no-gesture-150k,hagrid_multiples_sujetos,train,data/images/pulgar_arriba/hagrid_28108.jpg
hagrid_28109,pulgar_arriba,gesto,hagrid,CC-BY-SA-4.0,https://huggingface.co/datasets/cj-mills/hagrid-classification-512p-no-gesture-150k,hagrid_multiples_sujetos,train,data/images/pulgar_arriba/hagrid_28109.jpg
hagrid_28110,pulgar_arriba,gesto,hagrid,CC-BY-SA-4.0,https://huggingface.co/datasets/cj-mills/hagrid-classification-512p-no-gesture-150k,hagrid_multiples_sujetos,test,data/images/pulgar_arriba/hagrid_28110.jpg
hagrid_28111,pulgar_arriba,gesto,hagrid,CC-BY-SA-4.0,https://huggingface.co/datasets/cj-mills/hagrid-classification-512p-no-gesture-150k,hagrid_multiples_sujetos,train,data/images/pulgar_arriba/hagrid_28111.jpg
hagrid_28112,pulgar_arriba,gesto,hagrid,CC-BY-SA-4.0,https://huggingface.co/datasets/cj-mills/hagrid-classification-512p-no-gesture-150k,hagrid_multiples_sujetos,train,data/images/pulgar_arriba/hagrid_28112.jpg
hagrid_28113,pulgar_arriba,gesto,hagrid,CC-BY-SA-4.0,https://huggingface.co/datasets/cj-mills/hagrid-classification-512p-no-gesture-150k,hagrid_multiples_sujetos,train,data/images/pulgar_arriba/hagrid_28113.jpg
hagrid_28114,pulgar_arriba,gesto,hagrid,CC-BY-SA-4.0,https://huggingface.co/datasets/cj-mills/hagrid-classification-512p-no-gesture-150k,hagrid_multiples_sujetos,train,data/images/pulgar_arriba/hagrid_28114.jpg
hagrid_28115,pulgar_arriba,gesto,hagrid,CC-BY-SA-4.0,https://huggingface.co/datasets/cj-mills/hagrid-classification-512p-no-gesture-150k,hagrid_multiples_sujetos,train,data/images/pulgar_arriba/hagrid_28115.jpg
hagrid_28116,pulgar_arriba,gesto,hagrid,CC-BY-SA-4.0,https://huggingface.co/datasets/cj-mills/hagrid-classification-512p-no-gesture-150k,hagrid_multiples_sujetos,test,data/images/pulgar_arriba/hagrid_28116.jpg
hagrid_28117,pulgar_arriba,gesto,hagrid,CC-BY-SA-4.0,https://huggingface.co/datasets/cj-mills/hagrid-classification-512p-no-gesture-150k,hagrid_multiples_sujetos,train,data/images/pulgar_arriba/hagrid_28117.jpg
hagrid_28118,pulgar_arriba,gesto,hagrid,CC-BY-SA-4.0,https://huggingface.co/datasets/cj-mills/hagrid-classification-512p-no-gesture-150k,hagrid_multiples_sujetos,train,data/images/pulgar_arriba/hagrid_28118.jpg
hagrid_28119,pulgar_arriba,gesto,hagrid,CC-BY-SA-4.0,https://huggingface.co/datasets/cj-mills/hagrid-classification-512p-no-gesture-150k,hagrid_multiples_sujetos,val,data/images/pulgar_arriba/hagrid_28119.jpg
hagrid_28120,pulgar_arriba,gesto,hagrid,CC-BY-SA-4.0,https://huggingface.co/datasets/cj-mills/hagrid-classification-512p-no-gesture-150k,hagrid_multiples_sujetos,train,data/images/pulgar_arriba/hagrid_28120.jpg
hagrid_28121,pulgar_arriba,gesto,hagrid,CC-BY-SA-4.0,https://huggingface.co/datasets/cj-mills/hagrid-classification-512p-no-gesture-150k,hagrid_multiples_sujetos,train,data/images/pulgar_arriba/hagrid_28121.jpg
hagrid_28122,pulgar_arriba,gesto,hagrid,CC-BY-SA-4.0,https://huggingface.co/datasets/cj-mills/hagrid-classification-512p-no-gesture-150k,hagrid_multiples_sujetos,train,data/images/pulgar_arriba/hagrid_28122.jpg
hagrid_28123,pulgar_arriba,gesto,hagrid,CC-BY-SA-4.0,https://huggingface.co/datasets/cj-mills/hagrid-classification-512p-no-gesture-150k,hagrid_multiples_sujetos,train,data/images/pulgar_arriba/hagrid_28123.jpg
hagrid_28124,pulgar_arriba,gesto,hagrid,CC-BY-SA-4.0,https://huggingface.co/datasets/cj-mills/hagrid-classification-512p-no-gesture-150k,hagrid_multiples_sujetos,val,data/images/pulgar_arriba/hagrid_28124.jpg
hagrid_28125,pulgar_arriba,gesto,hagrid,CC-BY-SA-4.0,https://huggingface.co/datasets/cj-mills/hagrid-classification-512p-no-gesture-150k,hagrid_multiples_sujetos,test,data/images/pulgar_arriba/hagrid_28125.jpg
hagrid_28126,pulgar_arriba,gesto,hagrid,CC-BY-SA-4.0,https://huggingface.co/datasets/cj-mills/hagrid-classification-512p-no-gesture-150k,hagrid_multiples_sujetos,val,data/images/pulgar_arriba/hagrid_28126.jpg
hagrid_28127,pulgar_arriba,gesto,hagrid,CC-BY-SA-4.0,https://huggingface.co/datasets/cj-mills/hagrid-classification-512p-no-gesture-150k,hagrid_multiples_sujetos,test,data/images/pulgar_arriba/hagrid_28127.jpg
hagrid_28128,pulgar_arriba,gesto,hagrid,CC-BY-SA-4.0,https://huggingface.co/datasets/cj-mills/hagrid-classification-512p-no-gesture-150k,hagrid_multiples_sujetos,train,data/images/pulgar_arriba/hagrid_28128.jpg
hagrid_28129,pulgar_arriba,gesto,hagrid,CC-BY-SA-4.0,https://huggingface.co/datasets/cj-mills/hagrid-classification-512p-no-gesture-150k,hagrid_multiples_sujetos,train,data/images/pulgar_arriba/hagrid_28129.jpg
hagrid_28130,pulgar_arriba,gesto,hagrid,CC-BY-SA-4.0,https://huggingface.co/datasets/cj-mills/hagrid-classification-512p-no-gesture-150k,hagrid_multiples_sujetos,train,data/images/pulgar_arriba/hagrid_28130.jpg
hagrid_28131,pulgar_arriba,gesto,hagrid,CC-BY-SA-4.0,https://huggingface.co/datasets/cj-mills/hagrid-classification-512p-no-gesture-150k,hagrid_multiples_sujetos,train,data/images/pulgar_arriba/hagrid_28131.jpg
hagrid_28132,pulgar_arriba,gesto,hagrid,CC-BY-SA-4.0,https://huggingface.co/datasets/cj-mills/hagrid-classification-512p-no-gesture-150k,hagrid_multiples_sujetos,train,data/images/pulgar_arriba/hagrid_28132.jpg
hagrid_28133,pulgar_arriba,gesto,hagrid,CC-BY-SA-4.0,https://huggingface.co/datasets/cj-mills/hagrid-classification-512p-no-gesture-150k,hagrid_multiples_sujetos,test,data/images/pulgar_arriba/hagrid_28133.jpg
hagrid_28134,pulgar_arriba,gesto,hagrid,CC-BY-SA-4.0,https://huggingface.co/datasets/cj-mills/hagrid-classification-512p-no-gesture-150k,hagrid_multiples_sujetos,train,data/images/pulgar_arriba/hagrid_28134.jpg
hagrid_28135,pulgar_arriba,gesto,hagrid,CC-BY-SA-4.0,https://huggingface.co/datasets/cj-mills/hagrid-classification-512p-no-gesture-150k,hagrid_multiples_sujetos,train,data/images/pulgar_arriba/hagrid_28135.jpg
hagrid_28136,pulgar_arriba,gesto,hagrid,CC-BY-SA-4.0,https://huggingface.co/datasets/cj-mills/hagrid-classification-512p-no-gesture-150k,hagrid_multiples_sujetos,train,data/images/pulgar_arriba/hagrid_28136.jpg
hagrid_28137,pulgar_arriba,gesto,hagrid,CC-BY-SA-4.0,https://huggingface.co/datasets/cj-mills/hagrid-classification-512p-no-gesture-150k,hagrid_multiples_sujetos,train,data/images/pulgar_arriba/hagrid_28137.jpg
hagrid_28138,pulgar_arriba,gesto,hagrid,CC-BY-SA-4.0,https://huggingface.co/datasets/cj-mills/hagrid-classification-512p-no-gesture-150k,hagrid_multiples_sujetos,train,data/images/pulgar_arriba/hagrid_28138.jpg
hagrid_28139,pulgar_arriba,gesto,hagrid,CC-BY-SA-4.0,https://huggingface.co/datasets/cj-mills/hagrid-classification-512p-no-gesture-150k,hagrid_multiples_sujetos,val,data/images/pulgar_arriba/hagrid_28139.jpg
hagrid_28140,pulgar_arriba,gesto,hagrid,CC-BY-SA-4.0,https://huggingface.co/datasets/cj-mills/hagrid-classification-512p-no-gesture-150k,hagrid_multiples_sujetos,val,data/images/pulgar_arriba/hagrid_28140.jpg
hagrid_28141,pulgar_arriba,gesto,hagrid,CC-BY-SA-4.0,https://huggingface.co/datasets/cj-mills/hagrid-classification-512p-no-gesture-150k,hagrid_multiples_sujetos,train,data/images/pulgar_arriba/hagrid_28141.jpg
hagrid_28142,pulgar_arriba,gesto,hagrid,CC-BY-SA-4.0,https://huggingface.co/datasets/cj-mills/hagrid-classification-512p-no-gesture-150k,hagrid_multiples_sujetos,train,data/images/pulgar_arriba/hagrid_28142.jpg
hagrid_28143,pulgar_arriba,gesto,hagrid,CC-BY-SA-4.0,https://huggingface.co/datasets/cj-mills/hagrid-classification-512p-no-gesture-150k,hagrid_multiples_sujetos,train,data/images/pulgar_arriba/hagrid_28143.jpg
hagrid_28144,pulgar_arriba,gesto,hagrid,CC-BY-SA-4.0,https://huggingface.co/datasets/cj-mills/hagrid-classification-512p-no-gesture-150k,hagrid_multiples_sujetos,train,data/images/pulgar_arriba/hagrid_28144.jpg
hagrid_28145,pulgar_arriba,gesto,hagrid,CC-BY-SA-4.0,https://huggingface.co/datasets/cj-mills/hagrid-classification-512p-no-gesture-150k,hagrid_multiples_sujetos,test,data/images/pulgar_arriba/hagrid_28145.jpg
hagrid_28146,pulgar_arriba,gesto,hagrid,CC-BY-SA-4.0,https://huggingface.co/datasets/cj-mills/hagrid-classification-512p-no-gesture-150k,hagrid_multiples_sujetos,train,data/images/pulgar_arriba/hagrid_28146.jpg
hagrid_28147,pulgar_arriba,gesto,hagrid,CC-BY-SA-4.0,https://huggingface.co/datasets/cj-mills/hagrid-classification-512p-no-gesture-150k,hagrid_multiples_sujetos,val,data/images/pulgar_arriba/hagrid_28147.jpg
hagrid_28148,pulgar_arriba,gesto,hagrid,CC-BY-SA-4.0,https://huggingface.co/datasets/cj-mills/hagrid-classification-512p-no-gesture-150k,hagrid_multiples_sujetos,train,data/images/pulgar_arriba/hagrid_28148.jpg
hagrid_28149,pulgar_arriba,gesto,hagrid,CC-BY-SA-4.0,https://huggingface.co/datasets/cj-mills/hagrid-classification-512p-no-gesture-150k,hagrid_multiples_sujetos,train,data/images/pulgar_arriba/hagrid_28149.jpg
hagrid_28150,pulgar_arriba,gesto,hagrid,CC-BY-SA-4.0,https://huggingface.co/datasets/cj-mills/hagrid-classification-512p-no-gesture-150k,hagrid_multiples_sujetos,train,data/images/pulgar_arriba/hagrid_28150.jpg
hagrid_28151,pulgar_arriba,gesto,hagrid,CC-BY-SA-4.0,https://huggingface.co/datasets/cj-mills/hagrid-classification-512p-no-gesture-150k,hagrid_multiples_sujetos,train,data/images/pulgar_arriba/hagrid_28151.jpg
cc_mano_en_menton_001,mano_en_menton,gesto,fotos_cc,by,https://www.flickr.com/photos/13951072@N00/3694182698,bradleygee,train,data/images/mano_en_menton/cc_mano_en_menton_001.jpg
cc_mano_en_menton_002,mano_en_menton,gesto,fotos_cc,by-sa,https://commons.wikimedia.org/w/index.php?curid=78474713,"John Mathew Smith & www.celebrity-photos.com from Laurel Maryland, USA",train,data/images/mano_en_menton/cc_mano_en_menton_002.jpg
cc_mano_en_menton_005,mano_en_menton,gesto,fotos_cc,by-sa,https://www.flickr.com/photos/36277035@N06/47327457581,John Mathew Smith & www.celebrity-photos.com,train,data/images/mano_en_menton/cc_mano_en_menton_005.jpg
cc_mano_en_menton_007,mano_en_menton,gesto,fotos_cc,by,https://www.flickr.com/photos/36521954815@N01/49899149698,BryanAlexander,train,data/images/mano_en_menton/cc_mano_en_menton_007.jpg
cc_mano_en_menton_008,mano_en_menton,gesto,fotos_cc,by,https://www.flickr.com/photos/58367355@N00/51630045768,jules:stonesoup,train,data/images/mano_en_menton/cc_mano_en_menton_008.jpg
cc_mano_en_menton_009,mano_en_menton,gesto,fotos_cc,cc0,https://www.rawpixel.com/image/7886044/image-stars-hands-person,themet,val,data/images/mano_en_menton/cc_mano_en_menton_009.jpg
cc_mano_en_menton_011,mano_en_menton,gesto,fotos_cc,by,https://www.flickr.com/photos/58367355@N00/54318115630,jules:stonesoup,train,data/images/mano_en_menton/cc_mano_en_menton_011.jpg
cc_mano_en_menton_013,mano_en_menton,gesto,fotos_cc,by,https://www.flickr.com/photos/147592390@N06/47600087571,John Beans,train,data/images/mano_en_menton/cc_mano_en_menton_013.jpg
cc_mano_en_menton_021,mano_en_menton,gesto,fotos_cc,by,https://www.flickr.com/photos/54272628@N00/1583779027,Falashad,train,data/images/mano_en_menton/cc_mano_en_menton_021.jpg
cc_mano_en_menton_022,mano_en_menton,gesto,fotos_cc,by-sa,https://www.flickr.com/photos/82022672@N00/87653641,brettanicus,test,data/images/mano_en_menton/cc_mano_en_menton_022.jpg
cc_mano_en_menton_024,mano_en_menton,gesto,fotos_cc,by,https://www.flickr.com/photos/48600098077@N01/4740843432,orijinal,val,data/images/mano_en_menton/cc_mano_en_menton_024.jpg
cc_manos_juntas_003,manos_juntas,gesto,fotos_cc,by,https://www.flickr.com/photos/202780880@N02/54552538759,nenad53,train,data/images/manos_juntas/cc_manos_juntas_003.jpg
cc_manos_juntas_005,manos_juntas,gesto,fotos_cc,by,https://www.flickr.com/photos/71401718@N00/3042625930,Wonderlane,train,data/images/manos_juntas/cc_manos_juntas_005.jpg
cc_manos_juntas_030,manos_juntas,gesto,fotos_cc,by,https://www.flickr.com/photos/159770474@N08/42205634520,1DayReview,train,data/images/manos_juntas/cc_manos_juntas_030.jpg
cc_manos_juntas_031,manos_juntas,gesto,fotos_cc,by,https://www.flickr.com/photos/34633301@N08/4580701366,mirabcmira,test,data/images/manos_juntas/cc_manos_juntas_031.jpg
cc_manos_juntas_034,manos_juntas,gesto,fotos_cc,by,https://www.flickr.com/photos/95329455@N02/13031205223,simpleinsomnia,train,data/images/manos_juntas/cc_manos_juntas_034.jpg
cc_manos_juntas_038,manos_juntas,gesto,fotos_cc,by,https://www.flickr.com/photos/36281822@N08/5642566467,US Army Africa,train,data/images/manos_juntas/cc_manos_juntas_038.jpg
cc_manos_juntas_039,manos_juntas,gesto,fotos_cc,by,https://www.flickr.com/photos/61494580@N07/13246769873,John Christian Fjellestad,val,data/images/manos_juntas/cc_manos_juntas_039.jpg
cc_senalamiento_001,senalamiento,gesto,fotos_cc,by-sa,https://www.flickr.com/photos/27073477@N00/5120831489,TheeErin,train,data/images/senalamiento/cc_senalamiento_001.jpg
cc_senalamiento_002,senalamiento,gesto,fotos_cc,by,https://www.flickr.com/photos/44093058@N06/17551436326,blondinrikard,train,data/images/senalamiento/cc_senalamiento_002.jpg
cc_senalamiento_004,senalamiento,gesto,fotos_cc,by,https://www.flickr.com/photos/34756977@N00/8680763519,Rochelle Hartman,train,data/images/senalamiento/cc_senalamiento_004.jpg
cc_senalamiento_005,senalamiento,gesto,fotos_cc,by,https://www.flickr.com/photos/12376942@N08/2311759150,Scrap Pile,val,data/images/senalamiento/cc_senalamiento_005.jpg
cc_senalamiento_008,senalamiento,gesto,fotos_cc,cc0,https://www.flickr.com/photos/57794015@N05/51974969566,skeyndor.oficial,val,data/images/senalamiento/cc_senalamiento_008.jpg
cc_senalamiento_010,senalamiento,gesto,fotos_cc,by,https://www.flickr.com/photos/32365888@N05/3234296953,Caza_No_7,train,data/images/senalamiento/cc_senalamiento_010.jpg
cc_senalamiento_012,senalamiento,gesto,fotos_cc,by,https://www.flickr.com/photos/71401718@N00/3190261407,Wonderlane,train,data/images/senalamiento/cc_senalamiento_012.jpg
cc_senalamiento_013,senalamiento,gesto,fotos_cc,by-sa,https://www.flickr.com/photos/62866458@N00/7310234534,Helmuts Rudzītis,train,data/images/senalamiento/cc_senalamiento_013.jpg
cc_senalamiento_016,senalamiento,gesto,fotos_cc,cc0,https://stocksnap.io/photo/woman-pointing-MRAPBJPHQQ,Designecologist,test,data/images/senalamiento/cc_senalamiento_016.jpg
cc_senalamiento_030,senalamiento,gesto,fotos_cc,by-sa,https://www.flickr.com/photos/99247795@N00/3296224823,Richard Masoner / Cyclelicious,train,data/images/senalamiento/cc_senalamiento_030.jpg
cc_senalamiento_039,senalamiento,gesto,fotos_cc,by,https://www.flickr.com/photos/19364701@N00/2721507697,Subharnab,train,data/images/senalamiento/cc_senalamiento_039.jpg
cc_neutral_001,neutral,pose,fotos_cc,by,https://www.flickr.com/photos/15948105@N00/6529841367,ashi,train,data/images/neutral/cc_neutral_001.jpg
cc_neutral_006,neutral,pose,fotos_cc,by-sa,https://www.flickr.com/photos/24918835@N03/5385894418,colinlogan,train,data/images/neutral/cc_neutral_006.jpg
cc_neutral_007,neutral,pose,fotos_cc,by,https://www.flickr.com/photos/77047514@N00/2598607987,kyz,train,data/images/neutral/cc_neutral_007.jpg
cc_neutral_009,neutral,pose,fotos_cc,by,https://www.flickr.com/photos/99424477@N04/10446543493,prague.czech.photo,val,data/images/neutral/cc_neutral_009.jpg
cc_neutral_016,neutral,pose,fotos_cc,by,https://www.flickr.com/photos/14214150@N02/22410838568,DFID - UK Department for International Development,train,data/images/neutral/cc_neutral_016.jpg
cc_neutral_025,neutral,pose,fotos_cc,by,https://www.flickr.com/photos/26428343@N04/7288408190,Hallenser,test,data/images/neutral/cc_neutral_025.jpg
cc_neutral_029,neutral,pose,fotos_cc,by,https://www.flickr.com/photos/40595948@N00/3508181922,A.Davey,train,data/images/neutral/cc_neutral_029.jpg
cc_neutral_031,neutral,pose,fotos_cc,by-sa,https://www.flickr.com/photos/31363949@N02/41563743412,Leonard Bentley,train,data/images/neutral/cc_neutral_031.jpg
cc_neutral_032,neutral,pose,fotos_cc,by,https://www.flickr.com/photos/37706566@N00/2198952210,Mild Mannered Photographer,train,data/images/neutral/cc_neutral_032.jpg
cc_neutral_037,neutral,pose,fotos_cc,by,https://www.flickr.com/photos/30330906@N04/6987207104,francisco_osorio,train,data/images/neutral/cc_neutral_037.jpg
cc_neutral_040,neutral,pose,fotos_cc,by,https://www.flickr.com/photos/40837632@N05/9247488393,Gareth1953 All Right Now,val,data/images/neutral/cc_neutral_040.jpg
cc_zen_005,zen,pose,fotos_cc,cc0,https://stocksnap.io/photo/yoga-pose-USCQIUGHQW,Burst,train,data/images/zen/cc_zen_005.jpg
cc_zen_007,zen,pose,fotos_cc,cc0,https://www.rawpixel.com/image/5969981/yoga-pose,,train,data/images/zen/cc_zen_007.jpg
cc_zen_011,zen,pose,fotos_cc,by-sa,https://www.flickr.com/photos/157635012@N07/48063913061,Artem Beliaikin,train,data/images/zen/cc_zen_011.jpg
cc_zen_012,zen,pose,fotos_cc,by,https://www.flickr.com/photos/159630537@N08/41683337434,Homedust,train,data/images/zen/cc_zen_012.jpg
cc_zen_015,zen,pose,fotos_cc,by,https://www.flickr.com/photos/8531319@N07/19824835905,pacomexico,train,data/images/zen/cc_zen_015.jpg
cc_zen_017,zen,pose,fotos_cc,cc0,https://www.flickr.com/photos/95218419@N08/26773059100,Hotzenplotz7,val,data/images/zen/cc_zen_017.jpg
cc_zen_019,zen,pose,fotos_cc,cc0,https://www.flickr.com/photos/95218419@N08/26773055950,Hotzenplotz7,train,data/images/zen/cc_zen_019.jpg
cc_zen_021,zen,pose,fotos_cc,by-sa,https://www.flickr.com/photos/48662797@N00/9488017826,john.gillespie,val,data/images/zen/cc_zen_021.jpg
cc_zen_023,zen,pose,fotos_cc,by,https://www.flickr.com/photos/92822286@N00/2544221497,jsnsndr,test,data/images/zen/cc_zen_023.jpg
cc_zen_030,zen,pose,fotos_cc,by,https://www.flickr.com/photos/22156064@N04/6101972276,Andre Santos.foto,train,data/images/zen/cc_zen_030.jpg
cc_zen_032,zen,pose,fotos_cc,by,https://www.flickr.com/photos/79653482@N00/8600186521,bortescristian,train,data/images/zen/cc_zen_032.jpg
cc_zen_034,zen,pose,fotos_cc,by,https://www.flickr.com/photos/60210556@N03/15251707514,Lakpura LLC,train,data/images/zen/cc_zen_034.jpg
cc_zen_037,zen,pose,fotos_cc,by,https://www.flickr.com/photos/44124363951@N01/20122285544,marissa,test,data/images/zen/cc_zen_037.jpg
cc_pensando_001,pensando,pose,fotos_cc,by,https://www.flickr.com/photos/103414654@N05/9965421154,Yuri Samoilov Photo,train,data/images/pensando/cc_pensando_001.jpg
cc_pensando_004,pensando,pose,fotos_cc,by,https://www.flickr.com/photos/39678297@N04/19706401208,fernando butcher,train,data/images/pensando/cc_pensando_004.jpg
cc_pensando_007,pensando,pose,fotos_cc,by-sa,https://www.flickr.com/photos/83195059@N00/429049366,Graham Crumb,train,data/images/pensando/cc_pensando_007.jpg
cc_pensando_010,pensando,pose,fotos_cc,by,https://www.flickr.com/photos/28156071@N00/4726896338,donjd2,train,data/images/pensando/cc_pensando_010.jpg
cc_pensando_011,pensando,pose,fotos_cc,by,https://www.flickr.com/photos/39796699@N02/16632288385,The Co-op Group,val,data/images/pensando/cc_pensando_011.jpg
cc_pensando_012,pensando,pose,fotos_cc,by,https://www.flickr.com/photos/93587218@N00/1459927260,Mel B.,train,data/images/pensando/cc_pensando_012.jpg
cc_pensando_013,pensando,pose,fotos_cc,by-sa,https://www.flickr.com/photos/23656277@N00/5970815764,craigCloutier,train,data/images/pensando/cc_pensando_013.jpg
cc_pensando_014,pensando,pose,fotos_cc,by,https://www.flickr.com/photos/21976354@N07/2930434225,NeilsPhotography,train,data/images/pensando/cc_pensando_014.jpg
cc_pensando_021,pensando,pose,fotos_cc,by,https://www.flickr.com/photos/34427466731@N01/2144933705,striatic,train,data/images/pensando/cc_pensando_021.jpg
cc_pensando_023,pensando,pose,fotos_cc,by,https://www.flickr.com/photos/33878790@N07/3444386664,Daniel Wehner,val,data/images/pensando/cc_pensando_023.jpg
cc_pensando_025,pensando,pose,fotos_cc,by,https://www.flickr.com/photos/13488137@N04/1375081091,Stallons,test,data/images/pensando/cc_pensando_025.jpg
cc_pensando_028,pensando,pose,fotos_cc,by,https://www.flickr.com/photos/52660687@N02/6750327165,BarbaraWilli,train,data/images/pensando/cc_pensando_028.jpg
cc_pensando_029,pensando,pose,fotos_cc,by-sa,https://www.flickr.com/photos/52923129@N00/501784476,saturnism,train,data/images/pensando/cc_pensando_029.jpg
cc_pensando_035,pensando,pose,fotos_cc,by,https://www.flickr.com/photos/28847016@N08/21113848874,Kurt:S,test,data/images/pensando/cc_pensando_035.jpg
cc_pensando_036,pensando,pose,fotos_cc,by,https://www.flickr.com/photos/41942551@N02/6979591098,SodanieChea,test,data/images/pensando/cc_pensando_036.jpg
cc_pensando_037,pensando,pose,fotos_cc,by,https://www.flickr.com/photos/23370075@N03/3037728240,Scarleth Marie,train,data/images/pensando/cc_pensando_037.jpg
cc_brazos_cruzados_006,brazos_cruzados,pose,fotos_cc,by,https://www.flickr.com/photos/33498942@N04/6867159250,WarmSleepy,train,data/images/brazos_cruzados/cc_brazos_cruzados_006.jpg
cc_brazos_cruzados_009,brazos_cruzados,pose,fotos_cc,by,https://www.flickr.com/photos/11794039@N03/8491440148,Sam Catanzaro,train,data/images/brazos_cruzados/cc_brazos_cruzados_009.jpg
cc_brazos_cruzados_013,brazos_cruzados,pose,fotos_cc,by,https://www.flickr.com/photos/35914311@N03/3389197879,emilio labrador,test,data/images/brazos_cruzados/cc_brazos_cruzados_013.jpg
cc_brazos_cruzados_014,brazos_cruzados,pose,fotos_cc,by,https://www.flickr.com/photos/42401725@N00/2732852229,K. Kendall,train,data/images/brazos_cruzados/cc_brazos_cruzados_014.jpg
cc_brazos_cruzados_017,brazos_cruzados,pose,fotos_cc,by-sa,https://www.flickr.com/photos/49502985672@N01/36596002,subewl,train,data/images/brazos_cruzados/cc_brazos_cruzados_017.jpg
cc_brazos_cruzados_018,brazos_cruzados,pose,fotos_cc,by,https://www.flickr.com/photos/54656712@N06/21007132720,Jaimegfoto,val,data/images/brazos_cruzados/cc_brazos_cruzados_018.jpg
cc_brazos_cruzados_021,brazos_cruzados,pose,fotos_cc,by-sa,https://www.flickr.com/photos/27073477@N00/5020072709,TheeErin,train,data/images/brazos_cruzados/cc_brazos_cruzados_021.jpg
cc_brazos_cruzados_022,brazos_cruzados,pose,fotos_cc,by,https://www.flickr.com/photos/7587144@N04/38251159075,Richard's Photography San Antonio,val,data/images/brazos_cruzados/cc_brazos_cruzados_022.jpg
cc_brazos_cruzados_027,brazos_cruzados,pose,fotos_cc,cc0,https://nmaahc.si.edu/object/nmaahc_2011.36.105,"Herstein Gallery, American, 1873 - 1904",train,data/images/brazos_cruzados/cc_brazos_cruzados_027.jpg
cc_brazos_cruzados_028,brazos_cruzados,pose,fotos_cc,by,https://www.flickr.com/photos/47201412@N02/8548825952,pellethepoet,train,data/images/brazos_cruzados/cc_brazos_cruzados_028.jpg
cc_brazos_cruzados_038,brazos_cruzados,pose,fotos_cc,by,https://www.flickr.com/photos/30330906@N04/6962043694,francisco_osorio,train,data/images/brazos_cruzados/cc_brazos_cruzados_038.jpg
cc_brazos_abiertos_011,brazos_abiertos,pose,fotos_cc,by,https://www.flickr.com/photos/8182757@N05/3450831698,santian,train,data/images/brazos_abiertos/cc_brazos_abiertos_011.jpg
cc_brazos_abiertos_012,brazos_abiertos,pose,fotos_cc,by,https://www.flickr.com/photos/24756124@N02/14929905364,ajleon,train,data/images/brazos_abiertos/cc_brazos_abiertos_012.jpg
cc_brazos_abiertos_014,brazos_abiertos,pose,fotos_cc,by,https://www.flickr.com/photos/13194817@N00/49145187013,krossbow,train,data/images/brazos_abiertos/cc_brazos_abiertos_014.jpg
cc_brazos_abiertos_019,brazos_abiertos,pose,fotos_cc,by,https://www.flickr.com/photos/145100595@N04/27723378823,jacobisamodel,val,data/images/brazos_abiertos/cc_brazos_abiertos_019.jpg
cc_brazos_abiertos_024,brazos_abiertos,pose,fotos_cc,cc0,https://www.rawpixel.com/image/5926074/photo-image-light-public-domain-person,,train,data/images/brazos_abiertos/cc_brazos_abiertos_024.jpg
cc_brazos_abiertos_025,brazos_abiertos,pose,fotos_cc,cc0,https://wordpress.org/photos/photo/9656a112aa/,shirishpoudel07,train,data/images/brazos_abiertos/cc_brazos_abiertos_025.jpg
cc_brazos_abiertos_034,brazos_abiertos,pose,fotos_cc,by-sa,https://www.flickr.com/photos/194424926@N05/54227132736,PattayaPatrol,train,data/images/brazos_abiertos/cc_brazos_abiertos_034.jpg
cc_brazos_abiertos_035,brazos_abiertos,pose,fotos_cc,by-sa,https://www.flickr.com/photos/194424926@N05/54227132786,PattayaPatrol,val,data/images/brazos_abiertos/cc_brazos_abiertos_035.jpg
cc_brazos_abiertos_036,brazos_abiertos,pose,fotos_cc,by-sa,https://www.flickr.com/photos/194424926@N05/54263405163,PattayaPatrol,test,data/images/brazos_abiertos/cc_brazos_abiertos_036.jpg
cc_brazos_abiertos_039,brazos_abiertos,pose,fotos_cc,by,https://www.flickr.com/photos/68287856@N00/488971581,kevinmarsh,train,data/images/brazos_abiertos/cc_brazos_abiertos_039.jpg
